{
  "__inputs": [
    {
      "name": "DS_PROMETHEUS",
      "label": "Prometheus",
      "description": "",
      "type": "datasource",
      "pluginId": "prometheus",
      "pluginName": "Prometheus"
    }
  ],
  "__requires": [
    {
      "type": "grafana",
      "id": "grafana",
      "name": "Grafana",
      "version": "5.2.1"
    },
    {
      "type": "panel",
      "id": "graph",
      "name": "Graph",
      "version": "5.0.0"
    },
    {
      "type": "datasource",
      "id": "prometheus",
      "name": "Prometheus",
      "version": "5.0.0"
    },
    {
      "type": "panel",
      "id": "table",
      "name": "Table",
      "version": "5.0.0"
    }
  ],
  "annotations": {
    "list": [
      {
        "builtIn": 1,
        "datasource": "-- Grafana --",
        "enable": true,
        "hide": true,
        "iconColor": "rgba(0, 211, 255, 1)",
        "name": "Annotations & Alerts",
        "type": "dashboard"
      }
    ]
  },
  "editable": true,
  "gnetId": null,
  "graphTooltip": 0,
  "id": null,
  "iteration": 1532372326583,
  "links": [
    {
      "icon": "external link",
      "tags": [],
      "type": "dashboards"
    }
  ],
  "panels": [
    {
      "columns": [],
      "datasource": "${DS_PROMETHEUS}",
      "fontSize": "90%",
      "gridPos": {
        "h": 8,
        "w": 24,
        "x": 0,
        "y": 0
      },
      "hideTimeOverride": false,
      "id": 26,
      "links": [],
      "pageSize": null,
      "scroll": true,
      "showHeader": true,
      "sort": {
        "col": 4,
        "desc": true
      },
      "styles": [
        {
          "alias": "Time",
          "dateFormat": "YYYY-MM-DD HH:mm:ss",
          "pattern": "Time",
          "type": "hidden"
        },
        {
          "alias": "Server",
          "colorMode": null,
          "colors": [
            "rgba(245, 54, 54, 0.9)",
            "rgba(237, 129, 40, 0.89)",
            "rgba(50, 172, 45, 0.97)"
          ],
          "dateFormat": "YYYY-MM-DD HH:mm:ss",
          "decimals": 2,
          "mappingType": 1,
          "pattern": "instance",
          "thresholds": [],
          "type": "hidden",
          "unit": "short"
        },
        {
          "alias": "",
          "colorMode": null,
          "colors": [
            "rgba(245, 54, 54, 0.9)",
            "rgba(237, 129, 40, 0.89)",
            "rgba(50, 172, 45, 0.97)"
          ],
          "dateFormat": "YYYY-MM-DD HH:mm:ss",
          "decimals": 2,
          "mappingType": 1,
          "pattern": "job",
          "thresholds": [],
          "type": "hidden",
          "unit": "short"
        },
        {
          "alias": "TopicName",
          "colorMode": null,
          "colors": [
            "rgba(245, 54, 54, 0.9)",
            "rgba(237, 129, 40, 0.89)",
            "rgba(50, 172, 45, 0.97)"
          ],
          "dateFormat": "YYYY-MM-DD HH:mm:ss",
          "decimals": 2,
          "mappingType": 1,
          "pattern": "topic",
          "preserveFormat": false,
          "sanitize": false,
          "thresholds": [],
          "type": "string",
          "unit": "short"
        },
        {
          "alias": "PendingMsgs",
          "colorMode": "cell",
          "colors": [
            "#3f6833",
            "rgba(237, 129, 40, 0.89)",
            "rgba(245, 54, 54, 0.9)"
          ],
          "dateFormat": "YYYY-MM-DD HH:mm:ss",
          "decimals": 0,
          "mappingType": 1,
          "pattern": "Value #A",
          "thresholds": [
            "1000",
            "100000"
          ],
          "type": "number",
          "unit": "short"
        },
        {
          "alias": "PendingMsgSize",
          "colorMode": "cell",
          "colors": [
            "#3f6833",
            "rgba(237, 129, 40, 0.89)",
            "rgba(245, 54, 54, 0.9)"
          ],
          "dateFormat": "YYYY-MM-DD HH:mm:ss",
          "decimals": 1,
          "mappingType": 1,
          "pattern": "Value #B",
          "thresholds": [
            "5000000",
            "500000000"
          ],
          "type": "number",
          "unit": "bytes"
        },
        {
          "alias": "SubscriberCount",
          "colorMode": "cell",
          "colors": [
            "rgba(245, 54, 54, 0.9)",
            "rgba(237, 129, 40, 0.89)",
            "#3f6833"
          ],
          "dateFormat": "YYYY-MM-DD HH:mm:ss",
          "decimals": 0,
          "mappingType": 1,
          "pattern": "Value #C",
          "thresholds": [
            "0",
            "1"
          ],
          "type": "number",
          "unit": "short"
        },
        {
          "alias": "InMsgRate",
          "colorMode": "cell",
          "colors": [
            "#3f6833",
            "rgba(237, 129, 40, 0.89)",
            "rgba(245, 54, 54, 0.9)"
          ],
          "dateFormat": "YYYY-MM-DD HH:mm:ss",
          "decimals": 0,
          "mappingType": 1,
          "pattern": "Value #D",
          "thresholds": [
            "500",
            "5000"
          ],
          "type": "number",
          "unit": "short"
        },
        {
          "alias": "OutMsgRate",
          "colorMode": "cell",
          "colors": [
            "#3f6833",
            "rgba(237, 129, 40, 0.89)",
            "rgba(245, 54, 54, 0.9)"
          ],
          "dateFormat": "YYYY-MM-DD HH:mm:ss",
          "decimals": 0,
          "mappingType": 1,
          "pattern": "Value #E",
          "thresholds": [
            "500",
            "5000"
          ],
          "type": "number",
          "unit": "short"
        },
        {
          "alias": "PersistPendMsgs",
          "colorMode": "cell",
          "colors": [
            "#3f6833",
            "rgba(237, 129, 40, 0.89)",
            "rgba(245, 54, 54, 0.9)"
          ],
          "dateFormat": "YYYY-MM-DD HH:mm:ss",
          "decimals": 0,
          "mappingType": 1,
          "pattern": "Value #F",
          "thresholds": [
            "500000",
            "1000000"
          ],
          "type": "number",
          "unit": "short"
        },
        {
          "alias": "PersistPendMsgSize",
          "colorMode": "cell",
          "colors": [
            "#3f6833",
            "rgba(237, 129, 40, 0.89)",
            "rgba(245, 54, 54, 0.9)"
          ],
          "dateFormat": "YYYY-MM-DD HH:mm:ss",
          "decimals": 1,
          "mappingType": 1,
          "pattern": "Value #G",
          "thresholds": [
            "500000000",
            "1000000000"
          ],
          "type": "number",
          "unit": "bytes"
        },
        {
          "alias": "TotalInMsgs",
          "colorMode": null,
          "colors": [
            "rgba(245, 54, 54, 0.9)",
            "rgba(237, 129, 40, 0.89)",
            "rgba(50, 172, 45, 0.97)"
          ],
          "dateFormat": "YYYY-MM-DD HH:mm:ss",
          "decimals": 0,
          "mappingType": 1,
          "pattern": "Value #H",
          "thresholds": [],
          "type": "number",
          "unit": "short"
        },
        {
          "alias": "TotalInBytes",
          "colorMode": null,
          "colors": [
            "rgba(245, 54, 54, 0.9)",
            "rgba(237, 129, 40, 0.89)",
            "rgba(50, 172, 45, 0.97)"
          ],
          "dateFormat": "YYYY-MM-DD HH:mm:ss",
          "decimals": 0,
          "mappingType": 1,
          "pattern": "Value #I",
          "thresholds": [],
          "type": "number",
          "unit": "bytes"
        },
        {
          "alias": "OutByteRate",
          "colorMode": "cell",
          "colors": [
            "#3f6833",
            "rgba(237, 129, 40, 0.89)",
            "rgba(245, 54, 54, 0.9)"
          ],
          "dateFormat": "YYYY-MM-DD HH:mm:ss",
          "decimals": 1,
          "mappingType": 1,
          "pattern": "Value #K",
          "thresholds": [
            "1000000",
            "10000000"
          ],
          "type": "number",
          "unit": "Bps"
        },
        {
          "alias": "InByteRate",
          "colorMode": "cell",
          "colors": [
            "#3f6833",
            "rgba(237, 129, 40, 0.89)",
            "rgba(245, 54, 54, 0.9)"
          ],
          "dateFormat": "YYYY-MM-DD HH:mm:ss",
          "decimals": 1,
          "mappingType": 1,
          "pattern": "Value #J",
          "thresholds": [
            "1000000",
            "10000000"
          ],
          "type": "number",
          "unit": "Bps"
        },
        {
          "alias": "",
          "colorMode": null,
          "colors": [
            "rgba(245, 54, 54, 0.9)",
            "rgba(237, 129, 40, 0.89)",
            "rgba(50, 172, 45, 0.97)"
          ],
          "decimals": 2,
          "pattern": "/.*/",
          "thresholds": [],
          "type": "number",
          "unit": "short"
        }
      ],
      "targets": [
        {
          "expr": "abs(ems:topic:pendingMessageCount{job=\"$job\",instance=\"$instance\"})",
          "format": "table",
          "instant": true,
          "intervalFactor": 1,
          "refId": "A"
        },
        {
          "expr": "abs(ems:topic:pendingMessageSize{job=\"$job\",instance=\"$instance\"})",
          "format": "table",
          "instant": true,
          "intervalFactor": 1,
          "refId": "B"
        },
        {
          "expr": "abs(ems:topic:subscriberCount{job=\"$job\",instance=\"$instance\"})",
          "format": "table",
          "instant": true,
          "intervalFactor": 1,
          "refId": "C"
        },
        {
          "expr": "abs(ems:topic:inboundMessageRate{job=\"$job\",instance=\"$instance\"})",
          "format": "table",
          "instant": true,
          "intervalFactor": 1,
          "refId": "D"
        },
        {
          "expr": "abs(ems:topic:outboundMessageRate{job=\"$job\",instance=\"$instance\"})",
          "format": "table",
          "instant": true,
          "intervalFactor": 1,
          "refId": "E"
        },
        {
          "expr": "abs(ems:topic:inboundByteRate{job=\"$job\",instance=\"$instance\"})",
          "format": "table",
          "instant": true,
          "intervalFactor": 1,
          "refId": "J"
        },
        {
          "expr": "abs(ems:topic:outboundByteRate{job=\"$job\",instance=\"$instance\"})",
          "format": "table",
          "instant": true,
          "intervalFactor": 1,
          "refId": "K"
        },
        {
          "expr": "abs(ems:topic:pendingPersistentMessageCount{job=\"$job\",instance=\"$instance\"})",
          "format": "table",
          "instant": true,
          "intervalFactor": 1,
          "refId": "F"
        },
        {
          "expr": "abs(ems:topic:pendingPersistentMessageSize{job=\"$job\",instance=\"$instance\"})",
          "format": "table",
          "instant": true,
          "intervalFactor": 1,
          "refId": "G"
        },
        {
          "expr": "abs(ems:topic:inboundTotalMessages{job=\"$job\",instance=\"$instance\"})",
          "format": "table",
          "instant": true,
          "intervalFactor": 1,
          "refId": "H"
        },
        {
          "expr": "abs(ems:topic:inboundTotalBytes{job=\"$job\",instance=\"$instance\"})",
          "format": "table",
          "instant": true,
          "intervalFactor": 1,
          "refId": "I"
        }
      ],
      "timeFrom": null,
      "title": "EMS Topics for $instance",
      "transform": "table",
      "type": "table"
    },
    {
      "aliasColors": {},
      "bars": false,
      "dashLength": 10,
      "dashes": false,
      "datasource": "${DS_PROMETHEUS}",
      "decimals": 0,
      "editable": true,
      "error": false,
      "fill": 1,
      "grid": {},
      "gridPos": {
        "h": 6,
        "w": 12,
        "x": 0,
        "y": 8
      },
      "id": 16,
      "legend": {
        "avg": true,
        "current": false,
        "max": false,
        "min": false,
        "show": true,
        "total": false,
        "values": true
      },
      "lines": true,
      "linewidth": 2,
      "links": [],
      "nullPointMode": "null",
      "percentage": false,
      "pointradius": 5,
      "points": false,
      "renderer": "flot",
      "seriesOverrides": [],
      "spaceLength": 10,
      "stack": false,
      "steppedLine": false,
      "targets": [
        {
          "expr": "ems:topic:inboundMessageRate{job=\"$job\",instance=\"$instance\",topic=~\"$topic\"}",
          "format": "time_series",
          "interval": "",
          "intervalFactor": 1,
          "legendFormat": "in:{{topic}}",
          "refId": "A",
          "step": 21
        },
        {
          "expr": "ems:topic:outboundMessageRate{job=\"$job\",instance=\"$instance\",topic=~\"$topic\"}",
          "format": "time_series",
          "intervalFactor": 1,
          "legendFormat": "out:{{topic}}",
          "refId": "B"
        }
      ],
      "thresholds": [],
      "timeFrom": null,
      "timeShift": null,
      "title": "EMS Topics Message Rate for $instance",
      "tooltip": {
        "msResolution": false,
        "shared": true,
        "sort": 0,
        "value_type": "cumulative"
      },
      "transparent": false,
      "type": "graph",
      "xaxis": {
        "buckets": null,
        "mode": "time",
        "name": null,
        "show": true,
        "values": []
      },
      "yaxes": [
        {
          "format": "none",
          "label": "Msgs / Sec",
          "logBase": 1,
          "max": null,
          "min": "0",
          "show": true
        },
        {
          "format": "short",
          "logBase": 1,
          "max": null,
          "min": null,
          "show": true
        }
      ],
      "yaxis": {
        "align": false,
        "alignLevel": null
      }
    },
    {
      "aliasColors": {},
      "bars": false,
      "dashLength": 10,
      "dashes": false,
      "datasource": "${DS_PROMETHEUS}",
      "editable": true,
      "error": false,
      "fill": 1,
      "grid": {},
      "gridPos": {
        "h": 6,
        "w": 12,
        "x": 12,
        "y": 8
      },
      "id": 18,
      "legend": {
        "avg": false,
        "current": false,
        "max": true,
        "min": false,
        "show": true,
        "total": false,
        "values": true
      },
      "lines": true,
      "linewidth": 2,
      "links": [],
      "nullPointMode": "null",
      "percentage": false,
      "pointradius": 5,
      "points": false,
      "renderer": "flot",
      "seriesOverrides": [
        {}
      ],
      "spaceLength": 10,
      "stack": false,
      "steppedLine": false,
      "targets": [
        {
          "expr": "ems:topic:pendingMessageCount{job=\"$job\",instance=\"$instance\",topic=~\"$topic\"}",
          "format": "time_series",
          "hide": false,
          "interval": "",
          "intervalFactor": 1,
          "legendFormat": "{{topic}}",
          "refId": "A",
          "step": 21
        }
      ],
      "thresholds": [
        {
          "colorMode": "critical",
          "fill": true,
          "line": true,
          "op": "gt"
        }
      ],
      "timeFrom": null,
      "timeShift": null,
      "title": "EMS Topics Pending Message Count for $instance",
      "tooltip": {
        "msResolution": false,
        "shared": true,
        "sort": 0,
        "value_type": "cumulative"
      },
      "transparent": false,
      "type": "graph",
      "xaxis": {
        "buckets": null,
        "mode": "time",
        "name": null,
        "show": true,
        "values": []
      },
      "yaxes": [
        {
          "decimals": 0,
          "format": "short",
          "label": "Messages",
          "logBase": 1,
          "max": null,
          "min": "0",
          "show": true
        },
        {
          "decimals": 0,
          "format": "short",
          "logBase": 1,
          "max": null,
          "min": null,
          "show": true
        }
      ],
      "yaxis": {
        "align": false,
        "alignLevel": null
      }
    },
    {
      "aliasColors": {},
      "bars": false,
      "dashLength": 10,
      "dashes": false,
      "datasource": "${DS_PROMETHEUS}",
      "decimals": 0,
      "editable": true,
      "error": false,
      "fill": 1,
      "grid": {},
      "gridPos": {
        "h": 6,
        "w": 12,
        "x": 0,
        "y": 14
      },
      "id": 19,
      "legend": {
        "avg": true,
        "current": false,
        "max": false,
        "min": false,
        "show": true,
        "total": false,
        "values": true
      },
      "lines": true,
      "linewidth": 2,
      "links": [],
      "nullPointMode": "null",
      "percentage": false,
      "pointradius": 5,
      "points": false,
      "renderer": "flot",
      "seriesOverrides": [],
      "spaceLength": 10,
      "stack": false,
      "steppedLine": false,
      "targets": [
        {
          "expr": "ems:topic:inboundByteRate{job=\"$job\",instance=\"$instance\",topic=~\"$topic\"}",
          "format": "time_series",
          "interval": "",
          "intervalFactor": 1,
          "legendFormat": "in:{{topic}}",
          "refId": "A",
          "step": 21
        },
        {
          "expr": "ems:topic:outboundByteRate{job=\"$job\",instance=\"$instance\",topic=~\"$topic\"}",
          "format": "time_series",
          "interval": "",
          "intervalFactor": 1,
          "legendFormat": "out:{{topic}}",
          "refId": "B"
        }
      ],
      "thresholds": [],
      "timeFrom": null,
      "timeShift": null,
      "title": "EMS Topics Byte Rate for $instance",
      "tooltip": {
        "msResolution": false,
        "shared": true,
        "sort": 0,
        "value_type": "cumulative"
      },
      "type": "graph",
      "xaxis": {
        "buckets": null,
        "mode": "time",
        "name": null,
        "show": true,
        "values": []
      },
      "yaxes": [
        {
          "format": "Bps",
          "label": "",
          "logBase": 1,
          "max": null,
          "min": "0",
          "show": true
        },
        {
          "format": "short",
          "logBase": 1,
          "max": null,
          "min": null,
          "show": true
        }
      ],
      "yaxis": {
        "align": false,
        "alignLevel": null
      }
    },
    {
      "aliasColors": {},
      "bars": false,
      "dashLength": 10,
      "dashes": false,
      "datasource": "${DS_PROMETHEUS}",
      "decimals": null,
      "editable": true,
      "error": false,
      "fill": 1,
      "grid": {},
      "gridPos": {
        "h": 6,
        "w": 12,
        "x": 12,
        "y": 14
      },
      "id": 17,
      "legend": {
        "avg": false,
        "current": false,
        "max": true,
        "min": false,
        "show": true,
        "total": false,
        "values": true
      },
      "lines": true,
      "linewidth": 2,
      "links": [],
      "nullPointMode": "null",
      "percentage": false,
      "pointradius": 5,
      "points": false,
      "renderer": "flot",
      "seriesOverrides": [],
      "spaceLength": 10,
      "stack": false,
      "steppedLine": false,
      "targets": [
        {
          "expr": "ems:topic:pendingMessageSize{job=\"$job\",instance=\"$instance\",topic=~\"$topic\"}",
          "format": "time_series",
          "interval": "",
          "intervalFactor": 1,
          "legendFormat": "{{topic}}",
          "refId": "A",
          "step": 21
        }
      ],
      "thresholds": [],
      "timeFrom": null,
      "timeShift": null,
      "title": "EMS Topics Pending Message Size for $instance",
      "tooltip": {
        "msResolution": false,
        "shared": true,
        "sort": 0,
        "value_type": "cumulative"
      },
      "type": "graph",
      "xaxis": {
        "buckets": null,
        "mode": "time",
        "name": null,
        "show": true,
        "values": []
      },
      "yaxes": [
        {
          "format": "decbytes",
          "label": "",
          "logBase": 1,
          "max": null,
          "min": "0",
          "show": true
        },
        {
          "format": "short",
          "logBase": 1,
          "max": null,
          "min": null,
          "show": true
        }
      ],
      "yaxis": {
        "align": false,
        "alignLevel": null
      }
    }
  ],
  "refresh": "30s",
  "schemaVersion": 16,
  "style": "dark",
  "tags": [],
  "templating": {
    "list": [
      {
        "allValue": null,
        "current": {},
        "datasource": "${DS_PROMETHEUS}",
        "hide": 0,
        "includeAll": false,
        "label": "Environment(job):",
        "multi": false,
        "name": "job",
        "options": [],
        "query": "label_values(job)",
        "refresh": 1,
        "regex": "",
        "sort": 1,
        "tagValuesQuery": "",
        "tags": [],
        "tagsQuery": "",
        "type": "query",
        "useTags": false
      },
      {
        "allValue": null,
        "current": {},
        "datasource": "${DS_PROMETHEUS}",
        "hide": 0,
        "includeAll": false,
        "label": "Server:",
        "multi": false,
        "name": "instance",
        "options": [],
        "query": "label_values(ems:msgMem{job=\"$job\"},instance)",
        "refresh": 1,
        "regex": "",
        "sort": 1,
        "tagValuesQuery": "",
        "tags": [],
        "tagsQuery": "",
        "type": "query",
        "useTags": false
      },
      {
        "allValue": null,
        "current": {},
        "datasource": "${DS_PROMETHEUS}",
        "hide": 0,
        "includeAll": true,
        "label": "Show graphs for topic(s):",
        "multi": true,
        "name": "topic",
        "options": [],
        "query": "label_values(ems:topic:pendingMessageCount{job=\"$job\",instance=\"$instance\"},topic)",
        "refresh": 1,
        "regex": "",
        "sort": 1,
        "tagValuesQuery": "",
        "tags": [],
        "tagsQuery": "",
        "type": "query",
        "useTags": false
      }
    ]
  },
  "time": {
    "from": "now-6h",
    "to": "now"
  },
  "timepicker": {
    "now": true,
    "refresh_intervals": [
      "5s",
      "10s",
      "30s",
      "1m",
      "5m",
      "15m",
      "30m",
      "1h",
      "2h",
      "1d"
    ],
    "time_options": [
      "5m",
      "15m",
      "1h",
      "6h",
      "12h",
      "24h",
      "2d",
      "7d",
      "30d"
    ]
  },
  "timezone": "browser",
  "title": "TIBCO EMS Topics",
  "uid": "uobSMaDmk",
  "version": 7
}