<?xml version="1.0"?>

<EMS-StatsLoggerConfig>
    <ConnectionNode alias="EMS-SERVER1" url="tcp://localhost:7222,tcp://localhost:7224" user="admin" password="" logDir="./log" logFile="$N-$D.csv" logCleanup="30">
	<QueueMonitor pattern="sample" logDir="./log" logFile="$N-$D-Queues.csv"/>
	<QueueMonitor pattern="queue.sample" logDir="./log" logFile="$N-$D-Queues.csv"/>
	<TopicMonitor pattern="topic.&gt;" logDir="./log" logFile="$N-$D-Topics.csv"/>
    </ConnectionNode>
</EMS-StatsLoggerConfig>

<!-- Server Configuration File
==============================

Edit this file to configure your EMS server connections, multiple server entries may be added.

<EMS-Servers>
    <ConnectionNode alias="EMS1".... >
    	<QueueMonitor pattern="sample"/>
    	<QueueMonitor pattern="queue.sample"/>
    	<TopicMonitor pattern="topic.>"/>
     </ConnectionNode>

    <ConnectionNode alias="EMS2".... >
    </ConnectionNode>

</EMS-Servers>

Create a ConnectionNode element for each EMS server (or FT pair) and specify the following attributes:
	- alias: a unique alias to represent the server (do not include invalid filename characters)
	- url: the connection URL for the EMS server (FT URLs & SSL supported)
	- user: the administrator username, an admin user with view only rights may be used to restrict access
	- password: administrator user's password
	- encrpytedPassword: encrypted admin password as saved using GEMS 5.1 or later
	- logDir: Directory path for server stats log file, by default a new log file will be created for each server per day
	- logFile: Log filename, where $N is substituted for alias name and $D for date. Default $N-$D.csv
		Note; the same logfile may be used for multiple ConnectionNodes.
	- logCleanup: Number of days to keep log files, after which ALL logs in the logDir will be deleted. Default: 60 days (0 = no cleanup)
	- logAppend: append to log file on startup, default: true
	- logZip: When a new log file is started by date, the previous days log file is automatically zipped to save disk space, default: true

Create QueueMonitor/TopicMonitor elements for JMS destination to monitor. All queues/topics matching the pattern will be monitored.
NOTE: Use wildcards cautiously, monitoring too many destinations will generate a lot of monitoring data and can cause performance degradation in the EMS server.
A warning will be generated for any monitor that returns 500+ destinations.
The following attributes are supported:

	- pattern: queue/topic name pattern, all destinations matching pattern will be monitored (wildcard characters > and * supported) 
	- type: static, dynamic, or both. Default static.  
	  Warning: metrics for expired dynamic destinations are not reset for the Prometheus collector until the collector is restarted.
	- logDir: Directory path for desination stats log file, by default ./log
	- logFile: Log filename for destination stats. Default $N-$D-Queues.csv for queues and $N-D-Topics.csv for topics.
		(Note: do not use the same logfile for queue and topics stats)
	- logCleanup: Number of days to keep log files, after which ALL logs in the logDir will be deleted. Default: 60 days (0 = no cleanup)
	- logAppend: append to log file on startup, default: true
	- logZip: When a new log file is started by date, the previous days log file is automatically zipped to save disk space, default: true

Migration of GEMS servers.xml
=============================

A GEMS servers.xml file may be used, any extraneous configuration information will be ignored.

However note: QueueMonitor/TopicMonitor entries must be added to enable destination monitoring.
Use multiple QueueMonitor/TopicMonitor entries to explictly define destinations to be monitored.

If the same GEMS servers.xml is used for several environments, and you are running EmsStatsLogger ensure separate logDirs are set for each environment.
However, if you are using the Prometheus collector use separate servers.xml files, one for each environment,
and set an appropriate job name for the environment using the -job command line argument.

Only encrytped passwords that have been saved using GEMS 5.1 or later may be migrated.

FT URLs
=======

For fault tolerant active/standby EMS deployments an FT comma-separated URL may be specified for the ConnectionNode.
Note: If the standby server appears before the active server, it attempts to reconnect to the active server by swapping the server names in the URL.
	

SSL
===

SSL Parameters may be set using the SSLParam element, refer to com.tibco.tibjms.TibjmsSSL in the EMS documentation for
all available SSL parameters. An example is shown below using the server cert distributed with the EMS samples.

    <ConnectionNode alias="EMS-SERVER" url="ssl://localhost:7243" user="admin" password="">
	<SSLParam name="com.tibco.tibjms.ssl.trace" type="boolean" value="true" />
	<SSLParam name="com.tibco.tibjms.ssl.trusted_certs" type="string" value="C:\tibco\ems\samples\certs\server_root.cert.pem" />
	<SSLParam name="com.tibco.tibjms.ssl.expected_hostname" type="string" value="server" />
    </ConnectionNode>

Note; for encryption only, server certificate verification must be disabled as shown below:
    <ConnectionNode alias="EMS-SERVER" url="ssl://localhost:7243" user="admin" password="">
	<SSLParam name="com.tibco.tibjms.ssl.enable_verify_host" type="boolean" value="false" />
    </ConnectionNode>

====================================-->


